Workbook
Name ANNEE_N: Caché!$B$1
Name ANNEE_N_MOINS_DEUX: Caché!$B$3
Name ANNEE_N_MOINS_UN: Caché!$B$2
Name Aujourdhui: Caché!$E$1
Name Aujourdhuiplus7: Caché!$E$2
Name Segment_Années__DATE_PIECE: #N/A

Sheet Caché
A1: Année en cours | B1: =YEAR(TODAY()) -> 2026 | D1: Aujourd'hui | E1: =TODAY() -> 46175
A2: Année N-1 | B2: =YEAR(TODAY())-1 -> 2025 | D2: Aujoud'hui + 7 | E2: =TODAY()+7 -> 46182
A3: Année N-2 | B3: =YEAR(TODAY())-2 -> 2024

Sheet PARAMS
A1: MoisNum | B1: Mois | D1: Commercials | F1: Axes | H1: Années | J1: Mois | K1: NbJoursTrav | M1: Secteurs | O1: Mois | P1: Nb jours travaillés (FR) | Q1: Week-ends (jours) | R1: Jours fériés en semaine non comptés
A2: 1 | B2: Janvier | D2: Tous | F2: Tous | H2: 2023 | J2: Janvier | K2: 21 | M2: Tous | O2: Janvier | P2: 21 | Q2: 8 | R2: 1 (Jour de l’An)
A3: 2 | B3: Février | D3: EUFRAD08 | F3: 1P | H3: 2022 | J3: Février | K3: 20 | M3: DISTRIBUTION | O3: Février | P3: 20 | Q3: 8 | R3: 0
A4: 3 | B4: Mars | D4: EUFRAD10 | F4: 4P | H4: 2024 | J4: Mars | K4: 22 | M4: INDUSTRIE | O4: Mars | P4: 22 | Q4: 10 | R4: 0
A5: 4 | B5: Avril | D5: EUFRAD12 | F5: DI | H5: 2025 | J5: Avril | K5: 21 | M5: KAM | O5: Avril | P5: 21 | Q5: 8 | R5: 1 (Lundi de Pâques)
A6: 5 | B6: Mai | D6: EUFRAD14 | F6: PE | H6: 2026 | J6: Mai | K6: 17 | O6: Mai | P6: 17 | Q6: 8 | R6: 3 (Fête du Travail, Victoire 1945, Ascension)
A7: 6 | B7: Juin | D7: EUFRAD18 | F7: PP | H7: 2027 | J7: Juin | K7: 22 | O7: Juin | P7: 22 | Q7: 8 | R7: 0
A8: 7 | B8: Juillet | D8: EUFRAI00 | F8: TA | H8: 2028 | J8: Juillet | K8: 22 | O8: Juillet | P8: 22 | Q8: 8 | R8: 1 (Fête Nationale)
A9: 8 | B9: Août | D9: EUFRAI20 | H9: 2029 | J9: Août | K9: 21 | O9: Août | P9: 21 | Q9: 10 | R9: 1 (Assomption)
A10: 9 | B10: Septembre | D10: EUFRAI26 | H10: 2030 | J10: Septembre | K10: 22 | O10: Septembre | P10: 22 | Q10: 8 | R10: 0
A11: 10 | B11: Octobre | D11: EUFRAI34 | J11: Octobre | K11: 22 | O11: Octobre | P11: 22 | Q11: 8 | R11: 0
A12: 11 | B12: Novembre | D12: EUFRAI35 | J12: Novembre | K12: 20 | O12: Novembre | P12: 20 | Q12: 10 | R12: 1 (Toussaint)
A13: 12 | B13: Décembre | D13: EUFRAI36 | J13: Décembre | K13: 22 | O13: Décembre | P13: 22 | Q13: 8 | R13: 1 (Noël)
D14: EUFRAI37
D15: EUFRAI38
D16: EUFRAK32
D17: EUFRAK38

Sheet BASE_OBJECTIFS
A1: COMMERCIAL | B1: AXE | C1: Mois_Num | D1: Mois | E1: MT_K_EUR | F1: SECTEUR
A2: EUFRAD08 | B2: 1P | C2: 1 | D2: Janvier | E2: 0 | F2: DISTRIBUTION
A3: EUFRAD08 | B3: 1P | C3: 2 | D3: Février | E3: 0 | F3: DISTRIBUTION
A4: EUFRAD08 | B4: 1P | C4: 3 | D4: Mars | E4: 0 | F4: DISTRIBUTION
A5: EUFRAD08 | B5: 1P | C5: 4 | D5: Avril | E5: 0 | F5: DISTRIBUTION
A6: EUFRAD08 | B6: 1P | C6: 5 | D6: Mai | E6: 0 | F6: DISTRIBUTION
A7: EUFRAD08 | B7: 1P | C7: 6 | D7: Juin | E7: 0 | F7: DISTRIBUTION
A8: EUFRAD08 | B8: 1P | C8: 7 | D8: Juillet | E8: 0 | F8: DISTRIBUTION
A9: EUFRAD08 | B9: 1P | C9: 8 | D9: Août | E9: 0 | F9: DISTRIBUTION
A10: EUFRAD08 | B10: 1P | C10: 9 | D10: Septembre | E10: 9.016 | F10: DISTRIBUTION
A11: EUFRAD08 | B11: 1P | C11: 10 | D11: Octobre | E11: 0 | F11: DISTRIBUTION
A12: EUFRAD08 | B12: 1P | C12: 11 | D12: Novembre | E12: 0 | F12: DISTRIBUTION
A13: EUFRAD08 | B13: 1P | C13: 12 | D13: Décembre | E13: 0 | F13: DISTRIBUTION
... A361: EUFRAD18 | B361: TA | C361: 12 | D361: Décembre | E361: 0 | F361: DISTRIBUTION
A362: EUFRAD60 | B362: 1P | C362: 1 | D362: Janvier | E362: 0 | F362: =#N/A -> #N/A
A363: EUFRAD60 | B363: 1P | C363: 2 | D363: Février | E363: 0 | F363: =#N/A -> #N/A
A364: EUFRAD60 | B364: 1P | C364: 3 | D364: Mars | E364: 0 | F364: =#N/A -> #N/A
A365: EUFRAD60 | B365: 1P | C365: 4 | D365: Avril | E365: 0 | F365: =#N/A -> #N/A
A366: EUFRAD60 | B366: 1P | C366: 5 | D366: Mai | E366: 0 | F366: =#N/A -> #N/A
A367: EUFRAD60 | B367: 1P | C367: 6 | D367: Juin | E367: 0 | F367: =#N/A -> #N/A
A368: EUFRAD60 | B368: 1P | C368: 7 | D368: Juillet | E368: 0 | F368: =#N/A -> #N/A
A369: EUFRAD60 | B369: 1P | C369: 8 | D369: Août | E369: 0 | F369: =#N/A -> #N/A
A370: EUFRAD60 | B370: 1P | C370: 9 | D370: Septembre | E370: 0 | F370: =#N/A -> #N/A
A371: EUFRAD60 | B371: 1P | C371: 10 | D371: Octobre | E371: 0 | F371: =#N/A -> #N/A
A372: EUFRAD60 | B372: 1P | C372: 11 | D372: Novembre | E372: 0 | F372: =#N/A -> #N/A
A373: EUFRAD60 | B373: 1P | C373: 12 | D373: Décembre | E373: 0 | F373: =#N/A -> #N/A
... A433: EUFRAD60 | B433: TA | C433: 12 | D433: Décembre | E433: 0 | F433: =#N/A -> #N/A
A434: EUFRAI00 | B434: 1P | C434: 1 | D434: Janvier | E434: 7.154 | F434: INDUSTRIE
A435: EUFRAI00 | B435: 1P | C435: 2 | D435: Février | E435: 66.6792 | F435: INDUSTRIE
A436: EUFRAI00 | B436: 1P | C436: 3 | D436: Mars | E436: 21.2112 | F436: INDUSTRIE
A437: EUFRAI00 | B437: 1P | C437: 4 | D437: Avril | E437: 183.8492 | F437: INDUSTRIE
A438: EUFRAI00 | B438: 1P | C438: 5 | D438: Mai | E438: 113.498 | F438: INDUSTRIE
A439: EUFRAI00 | B439: 1P | C439: 6 | D439: Juin | E439: 321.5505 | F439: INDUSTRIE
A440: EUFRAI00 | B440: 1P | C440: 7 | D440: Juillet | E440: 0 | F440: INDUSTRIE
A441: EUFRAI00 | B441: 1P | C441: 8 | D441: Août | E441: 3.0723 | F441: INDUSTRIE
A442: EUFRAI00 | B442: 1P | C442: 9 | D442: Septembre | E442: 12.47 | F442: INDUSTRIE
A443: EUFRAI00 | B443: 1P | C443: 10 | D443: Octobre | E443: 52.0634 | F443: INDUSTRIE
A444: EUFRAI00 | B444: 1P | C444: 11 | D444: Novembre | E444: 292.6756 | F444: INDUSTRIE
A445: EUFRAI00 | B445: 1P | C445: 12 | D445: Décembre | E445: 341.8014 | F445: INDUSTRIE
... A1153: EUFRAK38 | B1153: TA | C1153: 12 | D1153: Décembre | E1153: 0 | F1153: KAM

Sheet Actualiser_ICI
G2: « Cliquez sur n'importe quelle cellule de cette zone, puis actualisez l'ensemble des feuilles MyReport

Sheet MyR_CMD_Non_Susp
A1: DATE | B1: Année | C1: MoisNum | D1: Mois | E1: C_COMMERCIAL 1 (Cli) | F1: Axe | G1: MT-NET en K | H1: SECTEUR
A2: 45658 | B2: 2025 | C2: 1 | D2: Janvier | E2: EUFRAD14 | F2: DI | G2: 0.6216 | H2: Distribution
A3: 45659 | B3: 2025 | C3: 1 | D3: Janvier | E3: EUFRAD14 | F3: 4P | G3: 1.05774 | H3: Distribution
A4: 45659 | B4: 2025 | C4: 1 | D4: Janvier | E4: EUFRAD14 | F4: PE | G4: 1.122 | H4: Distribution
A5: 45659 | B5: 2025 | C5: 1 | D5: Janvier | E5: EUFRAD14 | F5: PP | G5: 0.32752 | H5: Distribution
A6: 45659 | B6: 2025 | C6: 1 | D6: Janvier | E6: EUFRAD14 | F6: TA | G6: 0.2008912 | H6: Distribution
A7: 45659 | B7: 2025 | C7: 1 | D7: Janvier | E7: EUFRAI00 | F7: 4P | G7: 19.47845 | H7: Industrie
A8: 45659 | B8: 2025 | C8: 1 | D8: Janvier | E8: EUFRAI26 | F8: 4P | G8: 8.806 | H8: Industrie
A9: 45659 | B9: 2025 | C9: 1 | D9: Janvier | E9: EUFRAI34 | F9: 4P | G9: 2.592 | H9: Industrie
A10: 45660 | B10: 2025 | C10: 1 | D10: Janvier | E10: EUFRAD08 | F10: 4P | G10: 2.244 | H10: Distribution
A11: 45660 | B11: 2025 | C11: 1 | D11: Janvier | E11: EUFRAD10 | F11: 4P | G11: 3.932 | H11: Distribution
A12: 45660 | B12: 2025 | C12: 1 | D12: Janvier | E12: EUFRAD14 | F12: 4P | G12: 4.4913553 | H12: Distribution
A13: 45660 | B13: 2025 | C13: 1 | D13: Janvier | E13: EUFRAD18 | F13: 4P | G13: 1.6375 | H13: Distribution
... A4373: 46174 | B4373: 2026 | C4373: 6 | D4373: Juin | E4373: EUFRAK32 | F4373: 4P | G4373: 16.045875 | H4373: KAM

Sheet Suivi_JOURNALIER
A1: Suivi Commercial – Dashboard Journalier (k€)
B4: FILTRES | F4: Réalisé MTD (k€) | I4: Objectif 2026 MTD (k€) | L4: % Atteinte MTD | N4: =Aujourdhui -> 46175
B5: Année | C5: 2026 | F5: =SUMIFS(MyR_CMD_Non_Susp!$G:$G,MyR_CMD_Non_Susp!$B:$B,$N$5,MyR_CMD_Non_Susp!$C:$C,$N$6,MyR_CMD_Non_Susp!$E:$E,$N$9,MyR_CMD_Non_Susp!$F:$F,$N$10,MyR_CMD_Non_Susp!$H:$H,$N$17) -> 1802.1431 | I5: =IF(N6=MONTH(Aujourdhui-1),VLOOKUP(N4-1,B13:D44,3,0),L9) -> 2837.9704 | L5: =IFERROR(F5/I5,0) -> 0.63501124 | N5: =C5 -> 2026
B6: Mois | C6: Mai | N6: =MATCH(C6,PARAMS!$B$2:$B$13,0) -> 5
B7: Niveau de suivi | C7: Secteur | N7: =DAY(EOMONTH(DATE(N5,N6,1),0)) -> 31
B8: Valeur | C8: Tous | F8: Écart MTD (k€) | I8: Objectif 2026 Jour (k€) | L8: Objectif 2026 Mensuel (k€) | N8: =_xlfn.XLOOKUP(C6,PARAMS!$J$2:$J$13,PARAMS!$K$2:$K$13) -> 17
B9: Axe | C9: Tous | F9: =F5-I5 -> -1035.8273 | I9: =IFERROR(L9/$N$8,0) -> 166.93943 | L9: =IF(C7="Commercial",SUMIFS(BASE_OBJECTIFS!$E:$E,BASE_OBJECTIFS!$C:$C,$N$6,BASE_OBJECTIFS!$A:$A,$N$9,BASE_OBJECTIFS!$B:$B,$N$10),SUMIFS(BASE_OBJECTIFS!$E:$E,BASE_OBJECTIFS!$C:$C,$N$6,BASE_OBJECTIFS!$F:$F,$N$15,BASE_OBJECTIFS!$B:$B,$N$10)) -> 2837.9704 | N9: =N16 -> *
B10: Nbr Jrs a Travaillé | C10: =_xlfn.XLOOKUP(C6,PARAMS!$J$2:$J$13,PARAMS!$K$2:$K$13) -> 17 | N10: =IF(C9="Tous","*",C9) -> *
B11: Derniére Opération | C11: =MAX(MyR_CMD_Non_Susp!A:A,MyR_CMD_Non_Susp!A1) -> 46174 | N11: =DATE(N5,N6,1) -> 46143
N12: =EOMONTH(N11,0) -> 46173
B13: Date | C13: Cumul Réalisé (k€) | D13: Cumul Objectif (k€) | N13: =C7 -> Secteur
B14: =IF(ROW()-13<=$N$7,$N$11+ROW()-14,"") -> 46143 | C14: =IF(B14="","",SUMIFS(MyR_CMD_Non_Susp!$G:$G,MyR_CMD_Non_Susp!$A:$A,">="&$N$11,MyR_CMD_Non_Susp!$A:$A,"<="&B14,MyR_CMD_Non_Susp!$B:$B,$N$5,MyR_CMD_Non_Susp!$C:$C,$N$6,MyR_CMD_Non_Susp!$E:$E,$N$9,MyR_CMD_Non_Susp!$F:$F,$N$10,MyR_CMD_Non_Susp!$H:$H,$N$17)) -> 1.2936 | D14: =IF(B14="","",$L$9*(ROW()-13)/$N$7) -> 91.547431 | N14: =C8 -> Tous
B15: =IF(ROW()-13<=$N$7,$N$11+ROW()-14,"") -> 46144 | C15: =IF(B15="","",SUMIFS(MyR_CMD_Non_Susp!$G:$G,MyR_CMD_Non_Susp!$A:$A,">="&$N$11,MyR_CMD_Non_Susp!$A:$A,"<="&B15,MyR_CMD_Non_Susp!$B:$B,$N$5,MyR_CMD_Non_Susp!$C:$C,$N$6,MyR_CMD_Non_Susp!$E:$E,$N$9,MyR_CMD_Non_Susp!$F:$F,$N$10,MyR_CMD_Non_Susp!$H:$H,$N$17)) -> 1.2936 | D15: =IF(B15="","",$L$9*(ROW()-13)/$N$7) -> 183.09486 | N15: =IF(C8="Tous","*",C8) -> *
B16: =IF(ROW()-13<=$N$7,$N$11+ROW()-14,"") -> 46145 | C16: =IF(B16="","",SUMIFS(MyR_CMD_Non_Susp!$G:$G,MyR_CMD_Non_Susp!$A:$A,">="&$N$11,MyR_CMD_Non_Susp!$A:$A,"<="&B16,MyR_CMD_Non_Susp!$B:$B,$N$5,MyR_CMD_Non_Susp!$C:$C,$N$6,MyR_CMD_Non_Susp!$E:$E,$N$9,MyR_CMD_Non_Susp!$F:$F,$N$10,MyR_CMD_Non_Susp!$H:$H,$N$17)) -> 1.2936 | D16: =IF(B16="","",$L$9*(ROW()-13)/$N$7) -> 274.64229 | N16: =IF(C7="Commercial",N15,"*") -> *
B17: =IF(ROW()-13<=$N$7,$N$11+ROW()-14,"") -> 46146 | C17: =IF(B17="","",SUMIFS(MyR_CMD_Non_Susp!$G:$G,MyR_CMD_Non_Susp!$A:$A,">="&$N$11,MyR_CMD_Non_Susp!$A:$A,"<="&B17,MyR_CMD_Non_Susp!$B:$B,$N$5,MyR_CMD_Non_Susp!$C:$C,$N$6,MyR_CMD_Non_Susp!$E:$E,$N$9,MyR_CMD_Non_Susp!$F:$F,$N$10,MyR_CMD_Non_Susp!$H:$H,$N$17)) -> 109.20763 | D17: =IF(B17="","",$L$9*(ROW()-13)/$N$7) -> 366.18972 | N17: =IF(C7="Secteur",N15,"*") -> *
B18: =IF(ROW()-13<=$N$7,$N$11+ROW()-14,"") -> 46147 | C18: =IF(B18="","",SUMIFS(MyR_CMD_Non_Susp!$G:$G,MyR_CMD_Non_Susp!$A:$A,">="&$N$11,MyR_CMD_Non_Susp!$A:$A,"<="&B18,MyR_CMD_Non_Susp!$B:$B,$N$5,MyR_CMD_Non_Susp!$C:$C,$N$6,MyR_CMD_Non_Susp!$E:$E,$N$9,MyR_CMD_Non_Susp!$F:$F,$N$10,MyR_CMD_Non_Susp!$H:$H,$N$17)) -> 155.94117 | D18: =IF(B18="","",$L$9*(ROW()-13)/$N$7) -> 457.73716 | N18: =IF(C7="Commercial","PARAMS!$D$2:$D$20","PARAMS!$M$2:$M$7") -> PARAMS!$M$2:$M$7
B19: =IF(ROW()-13<=$N$7,$N$11+ROW()-14,"") -> 46148 | C19: =IF(B19="","",SUMIFS(MyR_CMD_Non_Susp!$G:$G,MyR_CMD_Non_Susp!$A:$A,">="&$N$11,MyR_CMD_Non_Susp!$A:$A,"<="&B19,MyR_CMD_Non_Susp!$B:$B,$N$5,MyR_CMD_Non_Susp!$C:$C,$N$6,MyR_CMD_Non_Susp!$E:$E,$N$9,MyR_CMD_Non_Susp!$F:$F,$N$10,MyR_CMD_Non_Susp!$H:$H,$N$17)) -> 180.85154 | D19: =IF(B19="","",$L$9*(ROW()-13)/$N$7) -> 549.28459
B20: =IF(ROW()-13<=$N$7,$N$11+ROW()-14,"") -> 46149 | C20: =IF(B20="","",SUMIFS(MyR_CMD_Non_Susp!$G:$G,MyR_CMD_Non_Susp!$A:$A,">="&$N$11,MyR_CMD_Non_Susp!$A:$A,"<="&B20,MyR_CMD_Non_Susp!$B:$B,$N$5,MyR_CMD_Non_Susp!$C:$C,$N$6,MyR_CMD_Non_Susp!$E:$E,$N$9,MyR_CMD_Non_Susp!$F:$F,$N$10,MyR_CMD_Non_Susp!$H:$H,$N$17)) -> 302.84611 | D20: =IF(B20="","",$L$9*(ROW()-13)/$N$7) -> 640.83202
B21: =IF(ROW()-13<=$N$7,$N$11+ROW()-14,"") -> 46150 | C21: =IF(B21="","",SUMIFS(MyR_CMD_Non_Susp!$G:$G,MyR_CMD_Non_Susp!$A:$A,">="&$N$11,MyR_CMD_Non_Susp!$A:$A,"<="&B21,MyR_CMD_Non_Susp!$B:$B,$N$5,MyR_CMD_Non_Susp!$C:$C,$N$6,MyR_CMD_Non_Susp!$E:$E,$N$9,MyR_CMD_Non_Susp!$F:$F,$N$10,MyR_CMD_Non_Susp!$H:$H,$N$17)) -> 302.84611 | D21: =IF(B21="","",$L$9*(ROW()-13)/$N$7) -> 732.37945
B22: =IF(ROW()-13<=$N$7,$N$11+ROW()-14,"") -> 46151 | C22: =IF(B22="","",SUMIFS(MyR_CMD_Non_Susp!$G:$G,MyR_CMD_Non_Susp!$A:$A,">="&$N$11,MyR_CMD_Non_Susp!$A:$A,"<="&B22,MyR_CMD_Non_Susp!$B:$B,$N$5,MyR_CMD_Non_Susp!$C:$C,$N$6,MyR_CMD_Non_Susp!$E:$E,$N$9,MyR_CMD_Non_Susp!$F:$F,$N$10,MyR_CMD_Non_Susp!$H:$H,$N$17)) -> 302.84611 | D22: =IF(B22="","",$L$9*(ROW()-13)/$N$7) -> 823.92688
B23: =IF(ROW()-13<=$N$7,$N$11+ROW()-14,"") -> 46152 | C23: =IF(B23="","",SUMIFS(MyR_CMD_Non_Susp!$G:$G,MyR_CMD_Non_Susp!$A:$A,">="&$N$11,MyR_CMD_Non_Susp!$A:$A,"<="&B23,MyR_CMD_Non_Susp!$B:$B,$N$5,MyR_CMD_Non_Susp!$C:$C,$N$6,MyR_CMD_Non_Susp!$E:$E,$N$9,MyR_CMD_Non_Susp!$F:$F,$N$10,MyR_CMD_Non_Susp!$H:$H,$N$17)) -> 302.84611 | D23: =IF(B23="","",$L$9*(ROW()-13)/$N$7) -> 915.47431
B24: =IF(ROW()-13<=$N$7,$N$11+ROW()-14,"") -> 46153 | C24: =IF(B24="","",SUMIFS(MyR_CMD_Non_Susp!$G:$G,MyR_CMD_Non_Susp!$A:$A,">="&$N$11,MyR_CMD_Non_Susp!$A:$A,"<="&B24,MyR_CMD_Non_Susp!$B:$B,$N$5,MyR_CMD_Non_Susp!$C:$C,$N$6,MyR_CMD_Non_Susp!$E:$E,$N$9,MyR_CMD_Non_Susp!$F:$F,$N$10,MyR_CMD_Non_Susp!$H:$H,$N$17)) -> 494.46921 | D24: =IF(B24="","",$L$9*(ROW()-13)/$N$7) -> 1007.0217
B25: =IF(ROW()-13<=$N$7,$N$11+ROW()-14,"") -> 46154 | C25: =IF(B25="","",SUMIFS(MyR_CMD_Non_Susp!$G:$G,MyR_CMD_Non_Susp!$A:$A,">="&$N$11,MyR_CMD_Non_Susp!$A:$A,"<="&B25,MyR_CMD_Non_Susp!$B:$B,$N$5,MyR_CMD_Non_Susp!$C:$C,$N$6,MyR_CMD_Non_Susp!$E:$E,$N$9,MyR_CMD_Non_Susp!$F:$F,$N$10,MyR_CMD_Non_Susp!$H:$H,$N$17)) -> 535.18488 | D25: =IF(B25="","",$L$9*(ROW()-13)/$N$7) -> 1098.5692
B26: =IF(ROW()-13<=$N$7,$N$11+ROW()-14,"") -> 46155 | C26: =IF(B26="","",SUMIFS(MyR_CMD_Non_Susp!$G:$G,MyR_CMD_Non_Susp!$A:$A,">="&$N$11,MyR_CMD_Non_Susp!$A:$A,"<="&B26,MyR_CMD_Non_Susp!$B:$B,$N$5,MyR_CMD_Non_Susp!$C:$C,$N$6,MyR_CMD_Non_Susp!$E:$E,$N$9,MyR_CMD_Non_Susp!$F:$F,$N$10,MyR_CMD_Non_Susp!$H:$H,$N$17)) -> 620.90528 | D26: =IF(B26="","",$L$9*(ROW()-13)/$N$7) -> 1190.1166
B27: =IF(ROW()-13<=$N$7,$N$11+ROW()-14,"") -> 46156 | C27: =IF(B27="","",SUMIFS(MyR_CMD_Non_Susp!$G:$G,MyR_CMD_Non_Susp!$A:$A,">="&$N$11,MyR_CMD_Non_Susp!$A:$A,"<="&B27,MyR_CMD_Non_Susp!$B:$B,$N$5,MyR_CMD_Non_Susp!$C:$C,$N$6,MyR_CMD_Non_Susp!$E:$E,$N$9,MyR_CMD_Non_Susp!$F:$F,$N$10,MyR_CMD_Non_Susp!$H:$H,$N$17)) -> 621.55208 | D27: =IF(B27="","",$L$9*(ROW()-13)/$N$7) -> 1281.664
B28: =IF(ROW()-13<=$N$7,$N$11+ROW()-14,"") -> 46157 | C28: =IF(B28="","",SUMIFS(MyR_CMD_Non_Susp!$G:$G,MyR_CMD_Non_Susp!$A:$A,">="&$N$11,MyR_CMD_Non_Susp!$A:$A,"<="&B28,MyR_CMD_Non_Susp!$B:$B,$N$5,MyR_CMD_Non_Susp!$C:$C,$N$6,MyR_CMD_Non_Susp!$E:$E,$N$9,MyR_CMD_Non_Susp!$F:$F,$N$10,MyR_CMD_Non_Susp!$H:$H,$N$17)) -> 623.25076 | D28: =IF(B28="","",$L$9*(ROW()-13)/$N$7) -> 1373.2115
B29: =IF(ROW()-13<=$N$7,$N$11+ROW()-14,"") -> 46158 | C29: =IF(B29="","",SUMIFS(MyR_CMD_Non_Susp!$G:$G,MyR_CMD_Non_Susp!$A:$A,">="&$N$11,MyR_CMD_Non_Susp!$A:$A,"<="&B29,MyR_CMD_Non_Susp!$B:$B,$N$5,MyR_CMD_Non_Susp!$C:$C,$N$6,MyR_CMD_Non_Susp!$E:$E,$N$9,MyR_CMD_Non_Susp!$F:$F,$N$10,MyR_CMD_Non_Susp!$H:$H,$N$17)) -> 624.30352 | D29: =IF(B29="","",$L$9*(ROW()-13)/$N$7) -> 1464.7589
B30: =IF(ROW()-13<=$N$7,$N$11+ROW()-14,"") -> 46159 | C30: =IF(B30="","",SUMIFS(MyR_CMD_Non_Susp!$G:$G,MyR_CMD_Non_Susp!$A:$A,">="&$N$11,MyR_CMD_Non_Susp!$A:$A,"<="&B30,MyR_CMD_Non_Susp!$B:$B,$N$5,MyR_CMD_Non_Susp!$C:$C,$N$6,MyR_CMD_Non_Susp!$E:$E,$N$9,MyR_CMD_Non_Susp!$F:$F,$N$10,MyR_CMD_Non_Susp!$H:$H,$N$17)) -> 624.30352 | D30: =IF(B30="","",$L$9*(ROW()-13)/$N$7) -> 1556.3063
... B44: =IF(ROW()-13<=$N$7,$N$11+ROW()-14,"") -> 46173 | C44: =IF(B44="","",SUMIFS(MyR_CMD_Non_Susp!$G:$G,MyR_CMD_Non_Susp!$A:$A,">="&$N$11,MyR_CMD_Non_Susp!$A:$A,"<="&B44,MyR_CMD_Non_Susp!$B:$B,$N$5,MyR_CMD_Non_Susp!$C:$C,$N$6,MyR_CMD_Non_Susp!$E:$E,$N$9,MyR_CMD_Non_Susp!$F:$F,$N$10,MyR_CMD_Non_Susp!$H:$H,$N$17)) -> 1802.1431 | D44: =IF(B44="","",$L$9*(ROW()-13)/$N$7) -> 2837.9704

Sheet Suivi_MENSUEL
B1: Suivi Commercial – Dashboard Mensuel (k€)
B4: FILTRES
B5: Année | C5: 2026 | M5: =C5 -> 2026
B6: Niveau de suivi | C6: Secteur
B7: Valeur | C7: Tous
B8: Axe | C8: Tous | M8: =M13 -> *
B9: Mois Actuel | C9: =PROPER(TEXT(Suivi_JOURNALIER!C11,"mmmm")) -> Juin | M9: =IF(C8="Tous","*",C8) -> *
M10: =C6 -> Secteur
M11: =C7 -> Tous
B12: Mois | C12: Réalisé mois (k€) | D12: Objectif mois (k€) | E12: Réalisé (k€) | F12: Objectif (k€) | G12: % Atteinte | M12: =IF(C7="Tous","*",C7) -> *
B13: Janvier | C13: =E13 -> 2621.501 | D13: =F13 -> 2163.3784 | E13: =SUMIFS(MyR_CMD_Non_Susp!$G:$G,MyR_CMD_Non_Susp!$B:$B,$M$5,MyR_CMD_Non_Susp!$C:$C,1,MyR_CMD_Non_Susp!$E:$E,$M$8,MyR_CMD_Non_Susp!$F:$F,$M$9,MyR_CMD_Non_Susp!$H:$H,$M$14) -> 2621.501 | F13: =IF(C6="Commercial",SUMIFS(BASE_OBJECTIFS!$E:$E,BASE_OBJECTIFS!$C:$C,1,BASE_OBJECTIFS!$A:$A,$M$8,BASE_OBJECTIFS!$B:$B,$M$9),SUMIFS(BASE_OBJECTIFS!$E:$E,BASE_OBJECTIFS!$C:$C,1,BASE_OBJECTIFS!$F:$F,$M$12,BASE_OBJECTIFS!$B:$B,$M$9)) -> 2163.3784 | G13: =IFERROR(E13/F13,0) -> 1.2117626 | M13: =IF(C6="Commercial",M12,"*") -> *
B14: Février | C14: =E14-E13 -> 2940.1653 | D14: =F14-F13 -> 2616.3891 | E14: =SUMIFS(MyR_CMD_Non_Susp!$G:$G,MyR_CMD_Non_Susp!$B:$B,$M$5,MyR_CMD_Non_Susp!$C:$C,2,MyR_CMD_Non_Susp!$E:$E,$M$8,MyR_CMD_Non_Susp!$F:$F,$M$9,MyR_CMD_Non_Susp!$H:$H,$M$14)+E13 -> 5561.6663 | F14: =IF(C6="Commercial",SUMIFS(BASE_OBJECTIFS!$E:$E,BASE_OBJECTIFS!$C:$C,2,BASE_OBJECTIFS!$A:$A,$M$8,BASE_OBJECTIFS!$B:$B,$M$9),SUMIFS(BASE_OBJECTIFS!$E:$E,BASE_OBJECTIFS!$C:$C,2,BASE_OBJECTIFS!$F:$F,$M$12,BASE_OBJECTIFS!$B:$B,$M$9))+F13 -> 4779.7674 | G14: =IFERROR(E14/F14,0) -> 1.1635851 | M14: =IF(C6="Secteur",M12,"*") -> *
B15: Mars | C15: =E15-E14 -> 3375.2332 | D15: =F15-F14 -> 3043.1514 | E15: =SUMIFS(MyR_CMD_Non_Susp!$G:$G,MyR_CMD_Non_Susp!$B:$B,$M$5,MyR_CMD_Non_Susp!$C:$C,3,MyR_CMD_Non_Susp!$E:$E,$M$8,MyR_CMD_Non_Susp!$F:$F,$M$9,MyR_CMD_Non_Susp!$H:$H,$M$14)+E14 -> 8936.8995 | F15: =IF(C6="Commercial",SUMIFS(BASE_OBJECTIFS!$E:$E,BASE_OBJECTIFS!$C:$C,3,BASE_OBJECTIFS!$A:$A,$M$8,BASE_OBJECTIFS!$B:$B,$M$9),SUMIFS(BASE_OBJECTIFS!$E:$E,BASE_OBJECTIFS!$C:$C,3,BASE_OBJECTIFS!$F:$F,$M$12,BASE_OBJECTIFS!$B:$B,$M$9))+F14 -> 7822.9188 | G15: =IFERROR(E15/F15,0) -> 1.1423996 | M15: =IF(C6="Commercial","PARAMS!$D$2:$D$20","PARAMS!$M$2:$M$7") -> PARAMS!$M$2:$M$7
B16: Avril | C16: =E16-E15 -> 2924.8597 | D16: =F16-F15 -> 3094.5961 | E16: =SUMIFS(MyR_CMD_Non_Susp!$G:$G,MyR_CMD_Non_Susp!$B:$B,$M$5,MyR_CMD_Non_Susp!$C:$C,4,MyR_CMD_Non_Susp!$E:$E,$M$8,MyR_CMD_Non_Susp!$F:$F,$M$9,MyR_CMD_Non_Susp!$H:$H,$M$14)+E15 -> 11861.759 | F16: =IF(C6="Commercial",SUMIFS(BASE_OBJECTIFS!$E:$E,BASE_OBJECTIFS!$C:$C,4,BASE_OBJECTIFS!$A:$A,$M$8,BASE_OBJECTIFS!$B:$B,$M$9),SUMIFS(BASE_OBJECTIFS!$E:$E,BASE_OBJECTIFS!$C:$C,4,BASE_OBJECTIFS!$F:$F,$M$12,BASE_OBJECTIFS!$B:$B,$M$9))+F15 -> 10917.515 | G16: =IFERROR(E16/F16,0) -> 1.0864889
B17: Mai | C17: =E17-E16 -> 1802.1431 | D17: =F17-F16 -> 2837.9704 | E17: =SUMIFS(MyR_CMD_Non_Susp!$G:$G,MyR_CMD_Non_Susp!$B:$B,$M$5,MyR_CMD_Non_Susp!$C:$C,5,MyR_CMD_Non_Susp!$E:$E,$M$8,MyR_CMD_Non_Susp!$F:$F,$M$9,MyR_CMD_Non_Susp!$H:$H,$M$14)+E16 -> 13663.902 | F17: =IF(C6="Commercial",SUMIFS(BASE_OBJECTIFS!$E:$E,BASE_OBJECTIFS!$C:$C,5,BASE_OBJECTIFS!$A:$A,$M$8,BASE_OBJECTIFS!$B:$B,$M$9),SUMIFS(BASE_OBJECTIFS!$E:$E,BASE_OBJECTIFS!$C:$C,5,BASE_OBJECTIFS!$F:$F,$M$12,BASE_OBJECTIFS!$B:$B,$M$9))+F16 -> 13755.485 | G17: =IFERROR(E17/F17,0) -> 0.99334208
B18: Juin | C18: =E18-E17 -> 67.030542 | D18: =F18-F17 -> 3911.9939 | E18: =SUMIFS(MyR_CMD_Non_Susp!$G:$G,MyR_CMD_Non_Susp!$B:$B,$M$5,MyR_CMD_Non_Susp!$C:$C,6,MyR_CMD_Non_Susp!$E:$E,$M$8,MyR_CMD_Non_Susp!$F:$F,$M$9,MyR_CMD_Non_Susp!$H:$H,$M$14)+E17 -> 13730.933 | F18: =IF(C6="Commercial",SUMIFS(BASE_OBJECTIFS!$E:$E,BASE_OBJECTIFS!$C:$C,6,BASE_OBJECTIFS!$A:$A,$M$8,BASE_OBJECTIFS!$B:$B,$M$9),SUMIFS(BASE_OBJECTIFS!$E:$E,BASE_OBJECTIFS!$C:$C,6,BASE_OBJECTIFS!$F:$F,$M$12,BASE_OBJECTIFS!$B:$B,$M$9))+F17 -> 17667.479 | G18: =IFERROR(E18/F18,0) -> 0.77718687
B19: Juillet | C19: =E19-E18 -> 0 | D19: =F19-F18 -> 2650.985 | E19: =SUMIFS(MyR_CMD_Non_Susp!$G:$G,MyR_CMD_Non_Susp!$B:$B,$M$5,MyR_CMD_Non_Susp!$C:$C,7,MyR_CMD_Non_Susp!$E:$E,$M$8,MyR_CMD_Non_Susp!$F:$F,$M$9,MyR_CMD_Non_Susp!$H:$H,$M$14)+E18 -> 13730.933 | F19: =IF(C6="Commercial",SUMIFS(BASE_OBJECTIFS!$E:$E,BASE_OBJECTIFS!$C:$C,7,BASE_OBJECTIFS!$A:$A,$M$8,BASE_OBJECTIFS!$B:$B,$M$9),SUMIFS(BASE_OBJECTIFS!$E:$E,BASE_OBJECTIFS!$C:$C,7,BASE_OBJECTIFS!$F:$F,$M$12,BASE_OBJECTIFS!$B:$B,$M$9))+F18 -> 20318.464 | G19: =IFERROR(E19/F19,0) -> 0.67578596
B20: Août | C20: =E20-E19 -> 0 | D20: =F20-F19 -> 1732.6071 | E20: =SUMIFS(MyR_CMD_Non_Susp!$G:$G,MyR_CMD_Non_Susp!$B:$B,$M$5,MyR_CMD_Non_Susp!$C:$C,8,MyR_CMD_Non_Susp!$E:$E,$M$8,MyR_CMD_Non_Susp!$F:$F,$M$9,MyR_CMD_Non_Susp!$H:$H,$M$14)+E19 -> 13730.933 | F20: =IF(C6="Commercial",SUMIFS(BASE_OBJECTIFS!$E:$E,BASE_OBJECTIFS!$C:$C,8,BASE_OBJECTIFS!$A:$A,$M$8,BASE_OBJECTIFS!$B:$B,$M$9),SUMIFS(BASE_OBJECTIFS!$E:$E,BASE_OBJECTIFS!$C:$C,8,BASE_OBJECTIFS!$F:$F,$M$12,BASE_OBJECTIFS!$B:$B,$M$9))+F19 -> 22051.071 | G20: =IFERROR(E20/F20,0) -> 0.62268779
B21: Septembre | C21: =E21-E20 -> 0 | D21: =F21-F20 -> 2866.2074 | E21: =SUMIFS(MyR_CMD_Non_Susp!$G:$G,MyR_CMD_Non_Susp!$B:$B,$M$5,MyR_CMD_Non_Susp!$C:$C,9,MyR_CMD_Non_Susp!$E:$E,$M$8,MyR_CMD_Non_Susp!$F:$F,$M$9,MyR_CMD_Non_Susp!$H:$H,$M$14)+E20 -> 13730.933 | F21: =IF(C6="Commercial",SUMIFS(BASE_OBJECTIFS!$E:$E,BASE_OBJECTIFS!$C:$C,9,BASE_OBJECTIFS!$A:$A,$M$8,BASE_OBJECTIFS!$B:$B,$M$9),SUMIFS(BASE_OBJECTIFS!$E:$E,BASE_OBJECTIFS!$C:$C,9,BASE_OBJECTIFS!$F:$F,$M$12,BASE_OBJECTIFS!$B:$B,$M$9))+F20 -> 24917.279 | G21: =IFERROR(E21/F21,0) -> 0.55106069
B22: Octobre | C22: =E22-E21 -> 0 | D22: =F22-F21 -> 3078.2236 | E22: =SUMIFS(MyR_CMD_Non_Susp!$G:$G,MyR_CMD_Non_Susp!$B:$B,$M$5,MyR_CMD_Non_Susp!$C:$C,10,MyR_CMD_Non_Susp!$E:$E,$M$8,MyR_CMD_Non_Susp!$F:$F,$M$9,MyR_CMD_Non_Susp!$H:$H,$M$14)+E21 -> 13730.933 | F22: =IF(C6="Commercial",SUMIFS(BASE_OBJECTIFS!$E:$E,BASE_OBJECTIFS!$C:$C,10,BASE_OBJECTIFS!$A:$A,$M$8,BASE_OBJECTIFS!$B:$B,$M$9),SUMIFS(BASE_OBJECTIFS!$E:$E,BASE_OBJECTIFS!$C:$C,10,BASE_OBJECTIFS!$F:$F,$M$12,BASE_OBJECTIFS!$B:$B,$M$9))+F21 -> 27995.502 | G22: =IFERROR(E22/F22,0) -> 0.49046925
B23: Novembre | C23: =E23-E22 -> 0 | D23: =F23-F22 -> 2673.6146 | E23: =SUMIFS(MyR_CMD_Non_Susp!$G:$G,MyR_CMD_Non_Susp!$B:$B,$M$5,MyR_CMD_Non_Susp!$C:$C,11,MyR_CMD_Non_Susp!$E:$E,$M$8,MyR_CMD_Non_Susp!$F:$F,$M$9,MyR_CMD_Non_Susp!$H:$H,$M$14)+E22 -> 13730.933 | F23: =IF(C6="Commercial",SUMIFS(BASE_OBJECTIFS!$E:$E,BASE_OBJECTIFS!$C:$C,11,BASE_OBJECTIFS!$A:$A,$M$8,BASE_OBJECTIFS!$B:$B,$M$9),SUMIFS(BASE_OBJECTIFS!$E:$E,BASE_OBJECTIFS!$C:$C,11,BASE_OBJECTIFS!$F:$F,$M$12,BASE_OBJECTIFS!$B:$B,$M$9))+F22 -> 30669.117 | G23: =IFERROR(E23/F23,0) -> 0.44771204
B24: Décembre | C24: =E24-E23 -> 0 | D24: =F24-F23 -> 2536.3115 | E24: =SUMIFS(MyR_CMD_Non_Susp!$G:$G,MyR_CMD_Non_Susp!$B:$B,$M$5,MyR_CMD_Non_Susp!$C:$C,12,MyR_CMD_Non_Susp!$E:$E,$M$8,MyR_CMD_Non_Susp!$F:$F,$M$9,MyR_CMD_Non_Susp!$H:$H,$M$14)+E23 -> 13730.933 | F24: =IF(C6="Commercial",SUMIFS(BASE_OBJECTIFS!$E:$E,BASE_OBJECTIFS!$C:$C,12,BASE_OBJECTIFS!$A:$A,$M$8,BASE_OBJECTIFS!$B:$B,$M$9),SUMIFS(BASE_OBJECTIFS!$E:$E,BASE_OBJECTIFS!$C:$C,12,BASE_OBJECTIFS!$F:$F,$M$12,BASE_OBJECTIFS!$B:$B,$M$9))+F23 -> 33205.428 | G24: =IFERROR(E24/F24,0) -> 0.4135147
